fold,train_rows,purged_train_rows,test_rows,train_start,train_end,test_start,test_end,test_accuracy,test_roc_auc,ml_return_perc,ml_num_trades,ml_sharpe_ratio,buy_hold_return_perc,rsi_return_perc,rsi_num_trades,random_return_perc,random_num_trades,beats_buy_hold,beats_rsi,beats_random
0,395,5,100,2025-01-01 20:00:00,2025-01-18 06:00:00,2025-01-18 12:00:00,2025-01-22 15:00:00,0.7789473684210526,0.6284626038781164,0.26088061500000315,3,0.2671663363187926,-0.3302927459999938,3.4202594639999973,1,-3.740694840000003,13,true,false,true
1,395,5,100,2025-01-06 00:00:00,2025-01-22 10:00:00,2025-01-22 16:00:00,2025-01-26 19:00:00,0.8947368421052632,0.6882352941176471,0.0,0,0.0,0.5021760969999844,0.0,0,-2.007449762000002,18,false,false,true
2,395,5,100,2025-01-10 04:00:00,2025-01-26 14:00:00,2025-01-26 20:00:00,2025-01-30 23:00:00,0.631578947368421,0.6446666666666667,0.2965221880000035,12,0.08698010944720952,-0.008234559000008801,1.8328150549999922,1,-1.5000574360000019,13,true,false,true
3,395,5,100,2025-01-14 08:00:00,2025-01-30 18:00:00,2025-01-31 00:00:00,2025-02-04 03:00:00,0.6,0.5356012658227848,-5.903879119999999,4,-1.1230679020438372,-4.0415499520000004,-1.0812750599999976,1,-3.3331576539999963,18,false,false,false
4,395,5,100,2025-01-18 12:00:00,2025-02-03 22:00:00,2025-02-04 04:00:00,2025-02-08 07:00:00,0.8315789473684211,0.5261044176706827,0.45324297800000135,2,0.8251615096859045,-2.977667526000005,0.0,0,-3.3450541150000013,14,true,true,true
5,395,5,100,2025-01-22 16:00:00,2025-02-08 02:00:00,2025-02-08 08:00:00,2025-02-12 11:00:00,0.8,0.40222222222222226,-3.136410213999996,12,-1.838367455700865,-0.2819881219999987,0.9257219430000019,1,-2.370478487000005,11,false,false,false
6,395,5,100,2025-01-26 20:00:00,2025-02-12 06:00:00,2025-02-12 12:00:00,2025-02-16 15:00:00,0.9157894736842105,0.757183908045977,0.6214315520000069,1,0.74328604979675,1.8600657179999924,0.0,0,-2.003070480000002,11,false,true,true
7,395,5,100,2025-01-31 00:00:00,2025-02-16 10:00:00,2025-02-16 16:00:00,2025-02-20 19:00:00,0.8421052631578947,0.8294573643410852,-0.5593589229999973,9,-0.31050670548715303,1.3038920150000077,0.0,0,-2.9156731940000014,11,false,false,true
8,395,5,100,2025-02-04 04:00:00,2025-02-20 14:00:00,2025-02-20 20:00:00,2025-02-24 23:00:00,0.9263157894736842,0.8598901098901098,-2.620700377000007,4,-1.4177748916354687,-6.924355776000002,-3.8022949479999957,1,-1.6021734630000006,4,true,true,false
9,395,5,100,2025-02-08 08:00:00,2025-02-24 18:00:00,2025-02-25 00:00:00,2025-03-01 03:00:00,0.5578947368421052,0.5211352657004831,-8.062606970999997,9,-2.0248269615932655,-7.488701594000002,-7.488701594000002,1,-2.606732213999996,9,false,false,false
10,395,5,100,2025-02-12 12:00:00,2025-02-28 22:00:00,2025-03-01 04:00:00,2025-03-05 07:00:00,0.6947368421052632,0.4698340874811463,-1.0416772919999984,5,-0.25220075229187183,2.1700351120000017,4.256025440000011,1,-0.36752769300000265,5,false,false,false
11,395,5,100,2025-02-16 16:00:00,2025-03-05 02:00:00,2025-03-05 08:00:00,2025-03-09 11:00:00,0.7789473684210526,0.3190045248868778,-0.12994236100000167,2,-0.811786992329906,-4.089291062,-0.19987265899999995,1,-5.483879824999994,13,true,true,true
12,395,5,100,2025-02-20 20:00:00,2025-03-09 06:00:00,2025-03-09 12:00:00,2025-03-13 15:00:00,0.5894736842105263,0.6428571428571429,-1.9085949150000059,10,-0.2590081080601917,-3.135223278999999,-3.135223278999999,1,-7.2272650800000005,15,true,true,true
13,395,5,100,2025-02-25 00:00:00,2025-03-13 10:00:00,2025-03-13 16:00:00,2025-03-17 19:00:00,0.7578947368421053,0.4359903381642512,0.17032423700000798,2,0.47322519367217786,5.3782191989999895,6.738452708999998,2,-1.764842369999997,13,false,false,true
14,395,5,100,2025-03-01 04:00:00,2025-03-17 14:00:00,2025-03-17 20:00:00,2025-03-21 23:00:00,0.8842105263157894,0.710594315245478,-2.428037501999991,6,-1.878744590754526,-0.21351458799999667,3.1754404429999994,1,-4.244335149,22,false,false,true
15,395,5,100,2025-03-05 08:00:00,2025-03-21 18:00:00,2025-03-22 00:00:00,2025-03-26 03:00:00,0.8947368421052632,0.7070588235294119,0.0,0,0.0,3.5151813610000193,0.0,0,-3.023775567999998,19,false,false,true
16,395,5,100,2025-03-09 12:00:00,2025-03-25 22:00:00,2025-03-26 04:00:00,2025-03-30 07:00:00,0.968421052631579,0.9468085106382979,0.30014839000001015,1,0.7410339477972187,-5.326783770999999,-2.687370538,1,-1.5585650330000034,14,true,true,true
